"","Var1","Freq"
"187","Britannia International Hotel Canary Wharf",4789
"1298","Strand Palace Hotel",4256
"1153","Park Plaza Westminster Bridge London",4169
"246","Copthorne Tara Hotel London Kensington",3578
"286","DoubleTree by Hilton Hotel London Tower of London",3212
"376","Grand Royale London Hyde Park",2958
"538","Holiday Inn London Kensington",2768
"523","Hilton London Metropole",2628
"1025","Millennium Gloucester Hotel London",2565
"840","Intercontinental London The O2",2551
"1137","Park Grand Paddington Court",2288
"527","Hilton London Wembley",2227
"1145","Park Plaza County Hall London",2223
"177","Blakemore Hyde Park",2178
"1147","Park Plaza London Riverbank",2167
"940","M by Montcalm Shoreditch London Tech City",2155
"288","DoubleTree by Hilton London Docklands Riverside",2147
"1283","St James Court A Taj Hotel London",2070
"1135","Park Grand London Kensington",2059
"619","Hotel Da Vinci",1877
"544","Holiday Inn London Wembley",1848
"522","Hilton London Kensington Hotel",1845
"650","Hotel Esther a",1837
"1409","The Tower A Guoman Hotel",1828
"159","Best Western Premier Hotel Couture",1809
"1336","The Cumberland A Guoman Hotel",1809
"1383","The Park Grand London Paddington",1770
"1195","Ramada Apollo Amsterdam Centre",1704
"356","Golden Tulip Amsterdam West",1686
"225","citizenM Tower of London",1683
"235","Club Quarters Hotel St Paul s",1606
"1150","Park Plaza Victoria Amsterdam",1595
"1034","Mondrian London",1593
"263","Crowne Plaza London Docklands",1579
"1405","The Student Hotel Amsterdam City",1576
"1251","Shaftesbury Premier London Paddington",1546
"518","Hilton London Canary Wharf",1541
"1080","Norfolk Towers Paddington",1531
"223","citizenM London Bankside",1517
"1347","The Grosvenor",1517
"539","Holiday Inn London Kensington Forum",1502
"935","London Marriott Hotel West India Quay",1481
"290","DoubleTree By Hilton London Excel",1464
"1012","Mercure Paris Terminus Nord",1459
"1151","Park Plaza Victoria London",1443
"1390","The Principal London",1425
"1483","WestCord Fashion Hotel Amsterdam",1364
"1182","Radisson Blu Edwardian Grafton",1354
"354","Glam Milano",1335
"1375","The Montcalm At Brewery London City",1317
"1188","Radisson Blu Edwardian Vanderbilt",1298
"1093","Novotel London West",1283
"179","Bloomsbury Palace Hotel",1273
"282","Dorsett Shepherds Bush",1266
"41","Amba Hotel Marble Arch",1262
"283","DoubleTree by Hilton Amsterdam Centraal Station",1254
"1027","Millennium Hotel London Mayfair",1253
"1092","Novotel London Wembley",1251
"297","DoubleTree by Hilton London Westminster",1243
"1061","NH Collection Amsterdam Grand Hotel Krasnapolsky",1243
"500","Hampshire Hotel Amsterdam American",1242
"1173","Pullman London St Pancras",1242
"535","Holiday Inn London Bloomsbury",1216
"1426","Thistle Euston",1214
"1282","St George s Hotel Wembley",1212
"222","citizenM Amsterdam",1178
"1189","Radisson Blu Hotel Amsterdam",1177
"525","Hilton London Paddington",1167
"844","Jaz Amsterdam",1157
"387","Grange St Paul s Hotel",1154
"1186","Radisson Blu Edwardian New Providence Wharf",1148
"1286","St Pancras Renaissance Hotel London",1147
"234","Club Quarters Hotel Lincoln s Inn Fields",1139
"275","De Vere Devonport House",1130
"549","Holiday Inn Paris Gare de l Est",1129
"34","Aloft London Excel",1126
"1386","The Piccadilly London West End",1125
"628","Hotel degli Arcimboldi",1118
"1425","TheWesley",1117
"251","Corus Hotel Hyde Park",1114
"1253","Shangri La Hotel at The Shard London",1113
"1057","NH Carlton Amsterdam",1110
"509","Henry VIII",1107
"233","Club Quarters Hotel Gracechurch",1103
"1391","The Queens Gate Hotel",1103
"1250","Shaftesbury Metropolis London Hyde Park",1095
"320","Eurostars Grand Marina Hotel GL",1082
"230","Clayton Crown Hotel London",1079
"1453","Urban Lodge Hotel",1071
"295","DoubleTree by Hilton London Victoria",1063
"200","Catalonia Atenas",1061
"1376","The Montcalm Marble Arch",1061
"1144","Park Lane Mews Hotel",1057
"592","Hotel Berna",1052
"57","Apex City Of London Hotel",1049
"59","Apex Temple Court Hotel",1037
"1249","Shaftesbury Hyde Park International",1029
"1317","The Bailey s Hotel London",1018
"294","Doubletree by Hilton London Kensington",1009
"266","Crowne Plaza London Kings Cross",1007
"1026","Millennium Hotel London Knightsbridge",1007
"543","Holiday Inn London Stratford City",994
"1399","The Royal Horseguards",974
"291","Doubletree By Hilton London Greenwich",972
"1326","The Chamberlain",969
"1389","The Premier Notting Hill",967
"211","Catalonia Plaza Catalunya",964
"1320","The Belgrave Hotel",957
"623","Hotel de France Wien",956
"240","Commodore Hotel",953
"147","Best Western Palm Hotel",949
"236","Club Quarters Hotel Trafalgar Square",945
"292","DoubleTree by Hilton London Hyde Park",945
"1184","Radisson Blu Edwardian Kenilworth",942
"249","Corendon Vitality Hotel Amsterdam",941
"760","Hotel Regina",934
"202","Catalonia Barcelona Plaza",932
"296","DoubleTree by Hilton London West End",926
"231","Clayton Hotel Chiswick",922
"607","Hotel Cavendish",920
"1214","Room Mate Aitana",916
"293","DoubleTree by Hilton London Islington",909
"1403","The Square Milano Duomo",899
"114","Barcelona Princess",897
"517","Hilton London Bankside",893
"1392","The RE London Shoreditch",893
"213","Catalonia Ramblas 4 Sup",890
"524","Hilton London Olympia",889
"1181","Radisson Blu Edwardian Bloomsbury Street",886
"786","Hotel Stefanie",884
"1024","Millennium Copthorne Hotels at Chelsea Football Club",877
"834","INK Hotel Amsterdam MGallery by Sofitel",876
"1048","New Linden Hotel",876
"820","Hyatt Regency Paris Etoile",874
"1224","Royal Garden Hotel",874
"836","Inntel Hotels Amsterdam Centre",871
"587","Hotel Barcelona Catedral",870
"1191","Radisson Blu Portman Hotel London",868
"253","Courthouse Hotel London",867
"1429","Thistle Kensington Gardens",862
"974","Mercure Amsterdam Sloterdijk Station",856
"958","Mayflower Hotel Apartments",851
"1133","Park Avenue Baker Street",851
"773","Hotel SB Diagonal Zero Barcelona 4 Sup",846
"1176","Pullman Paris Tour Eiffel",846
"1369","The Mandeville Hotel",846
"126","Best Western Blue Tower Hotel",845
"774","Hotel SB Icaria Barcelona",839
"224","citizenM London Shoreditch",838
"112","Barcel Sants",836
"1306","Swiss tel Amsterdam",830
"64","Arbor Hyde Park",826
"542","Holiday Inn London Regent s Park",826
"144","Best Western Mornington Hotel Hyde Park",824
"1134","Park Grand London Hyde Park",819
"142","BEST WESTERN Maitrise Hotel Maida Vale",816
"97","Avenida Palace",807
"348","Gainsborough Hotel",807
"328","Expo Hotel Barcelona",805
"1341","The Exhibitionist Hotel",804
"60","Apollo Hotel Amsterdam",803
"526","Hilton London Tower Bridge",801
"978","Mercure Hotel Amsterdam City South",801
"962","Megaro Hotel",800
"1372","The May Fair Hotel",800
"1412","The Waldorf Hilton",800
"101","Ayre Hotel Gran V a",797
"1059","NH Collection Amsterdam Barbizon Palace",792
"72","art otel Amsterdam",790
"1160","Petit Palace Boqueria Garden",786
"40","Amba Hotel Charing Cross",785
"63","Arbor City",781
"1058","NH City Centre Amsterdam",778
"1442","Twenty Nevern Square Hotel",776
"1193","Rafayel Hotel Spa",774
"1119","Olivia Plaza Hotel",773
"996","Mercure Paris Centre Tour Eiffel",771
"43","Ambassadors Bloomsbury",768
"1185","Radisson Blu Edwardian Mercer Street",767
"1230","Rubens At The Palace",765
"1226","Royal Passeig de Gracia",764
"950","Malmaison London",763
"853","K West Hotel Spa",762
"1353","The Hoxton Holborn",755
"934","London Marriott Hotel Regents Park",752
"501","Hampshire Hotel Rembrandt Square Amsterdam",748
"157","Best Western Plus Seraphine Hammersmith Hotel",743
"537","Holiday Inn London Camden Lock",740
"926","London City Suites",740
"1220","Rosa Grand Milano Starhotels Collezione",736
"332","Fielding Hotel",733
"1346","The Grand at Trafalgar Square",733
"917","Leonardo Hotel Vienna",728
"1232","Saint Georges Hotel",728
"305","Durrants Hotel",726
"1227","Royal Ramblas",722
"1038","Montcalm Royal London House City of London",715
"93","Austria Trend Hotel Savoyen Vienna",713
"562","Hotel 82 London",712
"1393","The Rembrandt",712
"1158","Pestana Chelsea Bridge Hotel Spa",710
"1427","Thistle Holborn The Kingsley",709
"545","Holiday Inn London West",701
"1233","Saint James Albany Paris Hotel Spa",700
"1481","Washington Mayfair Hotel",699
"1183","Radisson Blu Edwardian Hampshire",697
"414","H tel Concorde Montparnasse",692
"389","Grange Tower Bridge Hotel",690
"3","25hours Hotel beim MuseumsQuartier",689
"856","Kingsway Hall Hotel",683
"289","DoubleTree by Hilton London Ealing",680
"1354","The Hoxton Shoreditch",679
"1371","The Marylebone Hotel",677
"1065","NH Collection Milano President",673
"649","Hotel Espa a Ramblas",670
"835","Innkeeper s Lodge London Greenwich",664
"336","Fleming s Selection Hotel Wien City",658
"516","Hilton London Angel Islington",658
"184","Boutique Hotel Notting Hill",657
"971","Melia White House Hotel",656
"1291","Starhotels Ritz",653
"875","Lancaster London",651
"540","Holiday Inn London Mayfair",647
"1074","NH Milano Touring",646
"1304","Sunotel Central",640
"1138","Park Hotel",636
"986","Mercure London Paddington Hotel",634
"721","Hotel Michelangelo",629
"392","Great Northern Hotel A Tribute Portfolio Hotel London",620
"831","Ilunion Barcelona",620
"156","Best Western Plus Hotel Galles",613
"629","Hotel Dei Cavalieri",607
"99","Axel Hotel Barcelona Urban Spa Adults Only",602
"982","Mercure London Bloomsbury Hotel",602
"648","Hotel Erzherzog Rainer",601
"1379","The Nadler Victoria",601
"100","Ayre Hotel Caspe",595
"338","Fletcher Hotel Amsterdam",595
"154","Best Western Plus Hotel Blue Square",594
"271","Danubius Hotel Regents Park",593
"1152","Park Plaza Vondelpark Amsterdam",593
"1290","Starhotels Echo",593
"1149","Park Plaza Sherlock Holmes London",592
"262","Crowne Plaza London Battersea",589
"1415","The Westbridge Hotel",588
"1474","W Barcelona",575
"1087","Novotel London Excel",574
"1187","Radisson Blu Edwardian Sussex",573
"593","Hotel Best Western PLUS Alfa Aeropuerto",572
"1244","Senator Barcelona Spa Hotel",569
"324","every hotel Piccadilly",568
"175","Bilderberg Garden Hotel",567
"849","K K Hotel George",566
"1101","Novotel Paris Gare De Lyon",566
"850","K K Hotel Maria Theresia",564
"611","Hotel City Central",563
"530","Hilton Vienna",561
"1370","The Marble Arch London",561
"1361","The Langham London",559
"1136","Park Grand London Lancaster Gate",556
"1180","Radisson Blu Edwardian Berkshire",555
"111","Barcel Raval",552
"1148","Park Plaza London Waterloo",552
"1397","The Rockwell",552
"42","Ambassade Hotel",551
"287","DoubleTree by Hilton London Chelsea",550
"1327","The Chelsea Harbour Hotel",550
"172","Best Western The Boltons Hotel London Kensington",549
"84","Austria Trend Hotel Ananas Wien",546
"188","Brunelleschi Hotel",544
"279","Dikker en Thijs Fenice Hotel",543
"360","Good Hotel London",541
"1401","The Savoy",540
"1322","The Bloomsbury Hotel",539
"1082","Novotel Amsterdam City",533
"1202","Renaissance Amsterdam Hotel",532
"1255","Shepherd s Bush Boutique Hotel",531
"369","Grand Hotel Amr th Amsterdam",530
"89","Austria Trend Hotel Europa Wien",529
"1102","Novotel Paris Les Halles",523
"808","Hotel Vondel Amsterdam",522
"1443","TWO Hotel Barcelona by Axel 4 Sup Adults Only",522
"1218","Room Mate Giulia",521
"1296","Steigenberger Hotel Herrenhof",521
"1344","The Gore Hotel Starhotels Collezione",521
"174","Bianca Maria Palace Hotel",520
"393","Great St Helen Hotel",520
"797","Hotel V Nesplein",520
"941","M venpick Hotel Amsterdam City Centre",520
"1046","Negresco Princess 4 Sup",520
"48","Andaz London Liverpool Street",519
"102","Ayre Hotel Rosell n",519
"783","Hotel Spa Villa Olimpica Suites",519
"197","Capri by Fraser Barcelona",518
"21","Ace Hotel London Shoreditch",514
"494","H10 Metropolitan 4 Sup",514
"731","Hotel Mozart",512
"1489","Worldhotel Cristoforo Colombo",512
"601","Hotel Capricorno",511
"755","Hotel Prinz Eugen",511
"1118","Olivia Balmes Hotel",510
"1235","Sall s Hotel Pere IV",509
"898","Le Meridien Vienna",508
"355","Golden Tulip Amsterdam Riverside",506
"1088","Novotel London Greenwich",504
"1289","Starhotels Business Palace",504
"1143","Park International Hotel",502
"970","Melia Vienna",501
"210","Catalonia Passeig de Gr cia 4 Sup",500
"337","Flemings Mayfair",499
"874","LaGare Hotel Milano Centrale MGallery by Sofitel",499
"1100","Novotel Paris Centre Tour Eiffel",497
"1231","Rydges Kensington Hotel",496
"756","Hotel Pulitzer",495
"1285","St Martins Lane A Morgans Original",492
"1377","The Nadler Kensington",491
"1378","The Nadler Soho",491
"1288","Starhotels Anderson",490
"1294","Staybridge Suites London Stratford",490
"204","Catalonia Catedral",488
"497","H10 Urquinaona Plaza",488
"1054","NH Amsterdam Schiller",485
"492","H10 London Waterloo",484
"520","Hilton London Green Park",484
"541","Holiday Inn London Oxford Circus",484
"1111","Occidental Atenea Mar Adults Only",483
"1329","The Chesterfield Mayfair",482
"36","Amadi Panorama Hotel",481
"932","London Marriott Hotel Marble Arch",480
"367","Grand Ferdinand Vienna Your Hotel In The City Center",477
"1123","Ozo Hotel",473
"959","ME London by Melia",471
"519","Hilton London Euston",470
"823","Idea Hotel Milano San Siro",467
"1430","Thistle Trafalgar Square The Royal Trafalgar",467
"1482","WestCord Art Hotel Amsterdam 4 stars",467
"361","Goodenough Club",466
"68","Arion Cityhotel Vienna und Appartements",464
"498","Hallmark Hotel London Chigwell Prince Regent",463
"1042","My Bloomsbury",463
"1268","Sloane Square Hotel",462
"6","88 Studios",459
"737","Hotel Okura Amsterdam",459
"23","Acta Atrium Palace",458
"502","Hampshire Hotel The Manor Amsterdam",458
"800","Hotel ViennArt am Museumsquartier",458
"383","Grange Fitzrovia Hotel",455
"949","Majestic Hotel Spa Barcelona GL",455
"936","London Marriott Maida Vale",451
"388","Grange Strathmore Hotel",448
"1452","Uptown Palace",448
"209","Catalonia Park Putxet",442
"239","Comfort Inn Suites Kings Cross St Pancras",442
"985","Mercure London Kensington Hotel",442
"91","Austria Trend Hotel Park Royal Palace Vienna",440
"514","Hilton Garden Inn Milan North",440
"203","Catalonia Born",439
"1301","Suite Hotel 900 m zur Oper",439
"58","Apex London Wall Hotel",437
"215","Catalonia Square 4 Sup",437
"1363","The Leonard Hotel",435
"1487","Windsor Hotel Milano",435
"851","K K Hotel Picasso",434
"536","Holiday Inn London Brent Cross",433
"306","Dutch Design Hotel Artemis",432
"559","Hotel 1898",432
"979","Mercure Hotel Amsterdam West",432
"567","Hotel Am Parkring",431
"845","JUFA Hotel Wien",431
"95","Austria Trend Parkhotel Sch nbrunn Wien",429
"206","Catalonia Eixample 1864",428
"390","Grange Wellington Hotel",428
"902","Le Parisis Paris Tour Eiffel",428
"1084","Novotel London Blackfriars",428
"531","Hilton Vienna Danube Waterfront",426
"285","DoubleTree by Hilton Hotel London Marble Arch",425
"326","Exe Laietana Palace",424
"86","Austria Trend Hotel Astoria Wien",423
"826","IH Hotels Milano Gioia",423
"150","BEST WESTERN PLUS Amedia Wien",419
"508","Henley House Hotel",419
"1043","My Chelsea",418
"981","Mercure Josefshof Wien",416
"1325","The Cavendish London",416
"371","Grand Hotel Downtown",415
"983","Mercure London Bridge",414
"1374","The Montague On The Gardens",414
"264","Crowne Plaza London Ealing",413
"998","Mercure Paris Gare De Lyon TGV",411
"1469","Vincci Bit",411
"1480","Warwick Paris Former Warwick Champs Elysees ",411
"837","IntercityHotel Wien",410
"775","Hotel Schani Wien",409
"1352","The Hoxton Amsterdam",409
"1396","The Ritz London",406
"381","Grange City Hotel",405
"574","Hotel Arena",405
"876","Landmark London",405
"1477","W12 Rooms",405
"796","Hotel V Fizeaustraat",401
"1305","Sunotel Club Central",401
"608","Hotel Cavour",400
"1167","Pol Grace Hotel",400
"1260","Silken Ramblas",400
"1408","The Toren",400
"120","Bermondsey Square Hotel A Bespoke Hotel",399
"117","Bcn Urban Hotels Gran Rosellon",398
"37","Amadi Park Hotel",396
"237","Col n Hotel Barcelona",396
"550","Holiday Inn Paris Gare de Lyon Bastille",395
"1051","NH Amsterdam Centre",395
"87","Austria Trend Hotel Bosei Wien",391
"1089","Novotel London Paddington",391
"1339","The Drayton Court Hotel",391
"73","Arthotel ANA Boutique Six",390
"1029","Mimi s Hotel Soho",390
"1221","Rosewood London",390
"46","Amsterdam Marriott Hotel",389
"580","Hotel Atlanta",389
"1090","Novotel London Tower Bridge",389
"672","Hotel Kaiserin Elisabeth",388
"318","Eurostars Cristal Palace",385
"561","Hotel 55",385
"1445","UNA Hotel Century",385
"1280","St Ermin s Hotel Autograph Collection",384
"769","Hotel Saint Petersbourg Opera",383
"366","Gran Hotel Torre Catalunya",382
"490","H10 Cubik 4 Sup",382
"1314","The Ampersand Hotel",382
"24","Acta CITY47",381
"1287","St Paul s Hotel",381
"546","Holiday Inn London Whitechapel",377
"140","Best Western Madison Hotel",376
"406","H tel Bedford",376
"812","Hotel Well and Come",375
"171","Best Western Seraphine Kensington Olympia",374
"61","Apollofirst Boutique Hotel",372
"322","Eurostars Ramblas",372
"475","H tel Regina",372
"382","Grange Clarendon Hotel",369
"1114","Ohla Barcelona",367
"71","Art Hotel Navigli",366
"176","Bilderberg Hotel Jan Luyken",366
"386","Grange Rochester Hotel",364
"598","Hotel Cafe Royal",364
"1410","The Trafalgar Hilton",363
"423","H tel de la Bourdonnais",362
"503","Hampton by Hilton Amsterdam Centre East",362
"384","Grange Holborn Hotel",361
"1142","Park Inn by Radisson Uno City Vienna",361
"604","Hotel Casa Bonay",360
"495","H10 Port Vell 4 Sup",359
"244","Conrad London St James",358
"622","Hotel Das Tigra",358
"742","Hotel Palace GL",357
"778","Hotel Serhs Rivoli Rambla",357
"624","Hotel De Hallen",355
"1364","The Levante Parliament A Design Hotel",355
"1197","Rathbone",354
"109","Banks Mansion All Inclusive Hotel",353
"664","Hotel Indigo London Kensington",353
"22","Acevi Villarroel",352
"1272","Sofitel London St James",352
"327","Exe Vienna",351
"255","Courtyard by Marriott Amsterdam Arena Atlas",347
"666","Hotel Indigo London Tower Hill",346
"1196","Ramada Plaza Milano",346
"116","Batty Langley s",345
"1472","Vincci Maritimo",343
"221","Chiswick Rooms",342
"1161","Petit Palace Museum",341
"396","Grupotel Gran Via 678",340
"88","Austria Trend Hotel Doppio Wien",339
"704","Hotel Mailberger Hof",338
"759","Hotel Rathaus Wein Design",338
"638","Hotel du Collectionneur Arc de Triomphe",337
"634","Hotel Die Port van Cleve",336
"1266","Sir Albert Hotel",335
"161","Best Western Premier Kaiserhof Wien",334
"763","Hotel Romana Residence",334
"1357","The Kensington Hotel",333
"551","Holiday Inn Paris Gare Montparnasse",331
"928","London Hilton on Park Lane",331
"92","Austria Trend Hotel Rathauspark Wien",330
"444","H tel Hor",330
"153","Best Western PLUS Epping Forest",328
"353","Georgian House Hotel",328
"848","K K H tel Cayr Saint Germain des Pr s",326
"1277","South Place Hotel",326
"81","Atlantis Hotel Vienna",325
"1237","Sanderson A Morgans Hotel",324
"166","Best Western Premier Op ra Faubourg Ex Hotel Jules ",323
"487","H10 Art Gallery 4 Sup",323
"809","Hotel Vueling Bcn by HC",322
"378","Grange Beauchamp Hotel",321
"1449","UNA Maison Milano",320
"493","H10 Marina Barcelona",318
"825","IH Hotels Milano Ambasciatori",318
"193","Caesar Hotel",317
"713","Hotel mbit Barcelona",316
"1060","NH Collection Amsterdam Doelen",316
"865","La Clef Tour Eiffel",315
"1066","NH Collection Wien Zentrum",314
"486","H tel Westminster",313
"1419","The Whitechapel",313
"53","Aparthotel Adagio Vienna City",312
"284","DoubleTree by Hilton Hotel Amsterdam NDSM Wharf",312
"577","Hotel Arts Barcelona",312
"669","Hotel JL No76",312
"811","Hotel Wandl",312
"1086","Novotel London City South",312
"208","Catalonia Magdalenes",311
"325","Excelsior Hotel Gallia Luxury Collection Hotel",310
"333","Fifty Four Boutique Hotel",310
"1246","Seraphine Kensington Gardens Hotel",310
"74","Arthotel ANA Prime",307
"673","Hotel Kavalier",307
"124","Best Western Atlantic Hotel",306
"265","Crowne Plaza London Kensington",305
"924","Little Palace Hotel",303
"155","Best Western Plus Hotel Felice Casati",302
"554","Holiday Inn Paris Notre Dame",301
"605","Hotel Casa Camper",301
"1241","Schlosshotel R mischer Kaiser",301
"1171","Pulitzer Amsterdam",300
"1428","Thistle Hyde Park",299
"311","Element Amsterdam",298
"370","Grand Hotel Central",298
"1367","The Lodge Hotel Putney",297
"385","Grange Langham Court Hotel",296
"816","Hotel Xenia Autograph Collection",296
"1462","Villa Beaumarchais",295
"417","H tel D Aubusson",294
"1156","Pertschy Palais Hotel",294
"1215","Room Mate Anna",293
"1484","Westside Arc de Triomphe Hotel",293
"868","La Suite West Hyde Park",292
"1348","The Guesthouse Vienna",292
"532","Hilton Vienna Plaza",290
"945","Maison Albar Hotel Paris Op ra Diamond",290
"12","AC Hotel Barcelona Forum a Marriott Lifestyle Hotel",289
"405","H tel Beauchamps",289
"641","Hotel du Vin Cannizaro House Wimbledon",289
"1252","Shaftesbury Suites London Marble Arch",289
"1330","The Cleveland",289
"1416","The Westbury A Luxury Collection Hotel Mayfair London",289
"1091","Novotel London Waterloo",287
"1343","The Gates Diagonal Barcelona",287
"533","Holiday Inn Amsterdam",286
"639","Hotel du Louvre in the Unbound Collection by Hyatt",286
"568","Hotel Am Schubertring",285
"730","Hotel Moonlight",285
"1259","Silken Gran Hotel Havana",285
"410","H tel Brighton Esprit de France",284
"1229","Royal Saint Michel",284
"534","Holiday Inn Amsterdam Arena Towers",282
"303","Duquesa Suites Barcelona",281
"1479","Waldorf Madeleine",281
"496","H10 Universitat",280
"754","Hotel Principe Di Savoia",280
"511","Hilton Amsterdam",279
"1124","Paddington Court Executive Rooms",278
"1172","Pullman Barcelona Skipper",278
"162","Best Western Premier Kapital Op ra",277
"214","Catalonia Rigoletto",277
"1385","The Pelham Starhotels Collezione",277
"312","Elys es R gencia",276
"1468","Villa Panth on",276
"411","H tel California Champs Elys es",275
"1384","The Park Tower Knightsbridge a Luxury Collection Hotel",275
"1414","The Westbourne Hyde Park",275
"1083","Novotel Barcelona City",274
"137","Best Western Hotel St George",273
"1112","Oceania Paris Porte De Versailles",273
"1263","Sina De La Ville",273
"317","Eurostars Bcn Design",272
"1049","Newhotel Roblin",271
"1107","Novotel Wien City",270
"855","Kensington House Hotel",269
"1001","Mercure Paris Montmartre Sacr Coeur",269
"260","Crowne Plaza Amsterdam South",268
"665","Hotel Indigo London Paddington",268
"671","Hotel K nig von Ungarn",268
"762","Hotel Roemer Amsterdam",268
"833","Imperial Riding School Renaissance Vienna Hotel",267
"1475","W London Leicester Square",267
"135","Best Western Hotel Montmartre Sacr Coeur",266
"1175","Pullman Paris Montparnasse",266
"1406","The Sumner Hotel",266
"660","Hotel Grums Barcelona",265
"302","Duquesa de Cardona",264
"830","Ilunion Almirante",264
"1446","UNA Hotel Cusani",264
"243","Condes de Barcelona",263
"723","Hotel Milano Scala",263
"374","Grand Hotel Wien",262
"1398","The Rookery",261
"897","Le Meridien Piccadilly",260
"1356","The Justin James Hotel",260
"254","Courthouse Hotel Shoreditch",259
"521","Hilton London Hyde Park",259
"247","COQ Hotel Paris",258
"582","Hotel Auriga",258
"977","Mercure Hotel Amsterdam Centre Canal District",258
"1307","Sydney House Chelsea",258
"1313","The Academy",258
"884","Le Cinq Codet",257
"1380","The Ned",257
"710","Hotel Marconi",256
"819","Hyatt Regency London The Churchill",256
"930","London Marriott Hotel Grosvenor Square",256
"1050","NH Amsterdam Caransa",256
"1242","Select Hotel",256
"19","Acad mie H tel Saint Germain",255
"276","Der Wilhelmshof",254
"588","Hotel Barcelona Center",254
"589","Hotel Barcelona Universal",253
"1115","Ohla Eixample",250
"1362","The Laslett",250
"1192","Radisson Blu Style Hotel Vienna",249
"1293","Staunton Hotel B B",248
"335","Fleming s Conference Hotel Wien",247
"1081","Nottingham Place Hotel",247
"1099","Novotel Paris Centre Gare Montparnasse",247
"205","Catalonia Diagonal Centro",246
"1297","STRAF a Member of Design Hotels ",246
"621","Hotel Daniel Vienna",245
"394","Grosvenor House A JW Marriott Hotel",244
"1295","Staybridge Suites London Vauxhall",244
"784","Hotel Spadari Al Duomo",243
"1240","Savoy Hotel Amsterdam",243
"739","Hotel Op ra Richepanse",242
"505","Hazlitt s",241
"1040","Monument Hotel",241
"1121","Onix Liceo",240
"1245","Senator Hotel Vienna",240
"77","Ashburn Hotel",239
"339","Forest Hill Paris la Villette",239
"1052","NH Amsterdam Museum Quarter",239
"470","H tel Powers",237
"130","Best Western Hotel Ascot",236
"313","Enterprise Hotel Design Boutique",236
"571","Hotel Ambassador",236
"927","London Elizabeth Hotel",236
"771","Hotel Sans Souci Wien",235
"1328","The Chess Hotel",235
"1349","The Hari London",235
"1382","The Park City Grand Plaza Kensington Hotel",235
"556","Holiday Inn Paris Saint Germain des Pr s",234
"1045","Napoleon Paris",234
"110","Barcel Milan",233
"198","Carlyle Brera Hotel",233
"432","H tel Diva Opera",233
"528","Hilton Milan",233
"929","London Marriott Hotel County Hall",233
"1267","Sixtytwo Hotel",233
"165","Best Western Premier Marais Grands Boulevards",232
"349","Gallery Hotel",232
"1292","Starhotels Tourist",232
"28","Adria Boutique Hotel",231
"1077","NH Wien City",231
"566","Hotel Am Konzerthaus Vienna MGallery by Sofitel",230
"724","Hotel Miramar Barcelona GL",229
"938","Luxury Suites Amsterdam",229
"1055","NH Amsterdam Zuid",229
"1216","Room Mate Carla",229
"229","Claris Hotel Spa GL",228
"852","K K Palais Hotel",228
"1039","Montfleuri",228
"1104","Novotel Suites Paris Expo Porte de Versailles",228
"216","Ch teau Monfort Relais Ch teaux",227
"1302","Suites H tel Helzear Champs Elys es",227
"62","Appartement Hotel an der Riemergasse",225
"606","Hotel Casa Fuster G L Monumento",225
"637","Hotel Domizil",225
"1070","NH London Kensington",225
"1338","The Dorchester Dorchester Collection",225
"708","Hotel Manin",224
"1067","NH Danube City",224
"1174","Pullman Paris Centre Bercy",224
"749","Hotel Pension Baron am Schottentor",223
"1190","Radisson Blu Hotel Milan",223
"1450","United Lodge Hotel and Apartments",223
"654","Hotel Galileo",222
"1208","Residence Du Roy",222
"436","H tel Duo",221
"984","Mercure London Hyde Park",221
"141","Best Western Maitrise Hotel Edgware Road",220
"795","Hotel Trianon Rive Gauche",218
"1309","Ten Manchester Street Hotel",218
"1103","Novotel Paris Vaugirard Montparnasse",216
"47","Andaz Amsterdam Prinsengracht A Hyatt Hotel",214
"267","Crowne Plaza London The City",214
"1473","W Amsterdam",214
"250","Corinthia Hotel London",213
"790","Hotel The Serras",213
"269","Crowne Plaza Paris R publique",212
"321","Eurostars Monumental",212
"575","Hotel Ares Eiffel",212
"618","Hotel d Orsay Esprit de France",211
"697","Hotel Lloyd",211
"391","Grange White Hall Hotel",210
"585","Hotel Balmes",210
"1194","Rainers Hotel Vienna",210
"1225","Royal Hotel Champs Elys es",210
"1318","The Beaufort",210
"1394","The Ring Vienna s Casual Luxury Hotel",210
"20","Acca Palace",209
"272","Das Opernring Hotel",209
"1458","Vienna Marriott Hotel",207
"368","Grand H tel Du Palais Royal",206
"434","H tel du Minist re",206
"709","Hotel Manzoni",206
"1177","Qualys Hotel Nasco",206
"1350","The Harmonie Vienna",206
"54","Aparthotel Arai 4 Superior",205
"164","Best Western Premier Louvre Saint Honor ",205
"1243","Senato Hotel Milano",204
"399","H tel Aiglon Esprit de France",202
"1223","Royal Garden Champs Elysees",202
"421","H tel De Castiglione",201
"702","Hotel Mademoiselle",201
"1310","Terrass H tel Montmartre by MH",201
"1332","The Colonnade",201
"49","Andreola Central Hotel",200
"757","Hotel Pulitzer Paris",200
"1404","The Stafford London",200
"136","Best Western Hotel Pension Arenberg Wien Zentrum",199
"160","Best Western Premier Hotel Dante",199
"445","H tel Horset Op ra Best Western Premier Collection",199
"1076","NH Wien Belvedere",199
"119","Bentley London",198
"1078","Nhow Milan",198
"1444","U232 Hotel",198
"329","Fairmont Rey Juan Carlos I",197
"1146","Park Plaza London Park Royal",197
"96","Auteuil Tour Eiffel",196
"1127","Palais Hansen Kempinski Vienna",196
"1431","Threadneedles Autograph Collection",196
"181","Boscolo Milano Autograph Collection",195
"565","Hotel Alimara",195
"863","L Hotel Pergol se Paris",195
"1271","Sofitel Legend The Grand Amsterdam",195
"30","Albus Hotel Amsterdam City Centre",194
"94","Austria Trend Hotel Schloss Wilhelminenberg Wien",194
"462","H tel Mathis Elys es",194
"1273","Sofitel Paris Arc De Triomphe",194
"217","Chambiges Elys es",193
"803","Hotel Villa Emilia",193
"854","Karma Sanctum Soho Hotel",193
"1105","Novotel Suites Paris Montreuil Vincennes",192
"1163","Phileas Hotel",192
"256","Courtyard by Marriott Vienna Prater Messe",191
"651","Hotel Eug ne en Ville",191
"1315","The Arch London",191
"931","London Marriott Hotel Kensington",189
"1063","NH Collection Barcelona Gran Hotel Calder n",189
"1094","Novotel Milano Linate Aeroporto",189
"1316","The Athenaeum",189
"127","Best Western Bretagne Montparnasse",188
"170","Best Western S vres Montparnasse",188
"220","Chateau Frontenac",188
"365","Gran Hotel La Florida",188
"377","Grand Visconti Palace",188
"613","Hotel Claridge Paris",187
"829","IH Hotels Milano Watt 13",186
"195","Canal House",184
"308","Edouard 7 Paris Op ra",184
"847","Jumeirah Lowndes Hotel",184
"7","9Hotel Republique",183
"430","H tel des Champs Elys es",183
"909","Le Relais Montmartre",182
"1421","The Yard Milano",181
"727","Hotel Monsieur",180
"1072","NH Milano Machiavelli",180
"1106","Novotel Suites Paris Nord 18 me",180
"1110","NYX Milan",180
"1407","The Tophams Hotel",180
"32","Alma Barcelona GL",179
"158","Best Western Premier Faubourg 88",179
"351","Gardette Park Hotel",179
"1439","Tryp Barcelona Apolo Hotel",179
"55","Aparthotel Atenea Barcelona",178
"212","Catalonia Port",178
"1417","The Westin Palace",178
"772","Hotel Santa Marta Suites",177
"1062","NH Collection Barcelona Constanza",177
"1071","NH Milano Grand Hotel Verdi",177
"1422","The Zetter Hotel",177
"404","H tel Baume",176
"1056","NH Barcelona Stadium",176
"1276","Sofitel Vienna Stephansdom",176
"828","IH Hotels Milano Puccini",175
"145","Best Western Nouvel Orl ans Montparnasse",174
"132","Best Western Hotel City",173
"345","FourSide Hotel Vienna City Center",173
"379","Grange Blooms Hotel",173
"802","Hotel Vilamar ",173
"858","Knightsbridge Hotel",173
"1269","Small Luxury Hotel Altstadt Vienna",173
"44","Amp re",172
"307","Eccleston Square Hotel",172
"674","Hotel L Antoine",171
"679","Hotel Lam e",171
"1098","Novotel Paris Centre Bercy",171
"1209","Residence Henri IV",171
"573","Hotel Amsterdam De Roode Leeuw",170
"447","H tel Juliana Paris",169
"82","Attica 21 Barcelona Mar",168
"357","Golden Tulip Bercy Gare de Lyon 209",168
"330","Falkensteiner Hotel Wien Margareten",167
"735","Hotel Odeon Saint Germain",167
"925","London Bridge Hotel",167
"1023","Mill sime H tel",167
"1470","Vincci Gala",167
"83","Au Manoir Saint Germain",166
"98","Avo Hotel",166
"103","AZIMUT Hotel Vienna",166
"402","H tel Balzac",166
"443","H tel Gustave",165
"1234","Saint SHERMIN bed breakfast champagne",164
"199","Castille Paris Starhotels Collezione",163
"827","IH Hotels Milano Lorenteggio",163
"590","Hotel Beethoven Wien",162
"712","Hotel Marignan Champs Elys es",162
"745","Hotel Parc Saint Severin Esprit de France",162
"1222","Royal Amsterdam Hotel",162
"1411","The Victoria",162
"883","Le Burgundy Paris",161
"793","Hotel Topazz",160
"839","InterContinental London Park Lane",160
"1159","Petit Palace Barcelona",160
"1335","The Cranley Hotel",160
"1","11 Cadogan Gardens",159
"38","Amarante Beau Manoir",159
"108","Banke H tel",159
"259","Cram",159
"489","H10 Casanova",159
"693","Hotel Les Bulles De Paris",159
"943","Maison Albar H tel Paris Champs Elys es ex Mac Mahon ",159
"976","Mercure Grand Hotel Biedermeier Wien",159
"896","Le Mathurin Hotel Spa",158
"1258","Silken Concordia",158
"228","Claridge s",157
"268","Crowne Plaza Milan City",157
"439","H tel Exquis by Elegancia",157
"1373","The Mirror Barcelona",157
"1402","The Soho Hotel",157
"70","Armani Hotel Milano",156
"583","Hotel Bachaumont",156
"661","Hotel Imlauer Wien",156
"919","Les Jardins Du Marais",156
"1200","Relais H tel du Vieux Paris",156
"207","Catalonia La Pedrera",155
"373","Grand Hotel Saint Michel",155
"581","Hotel Atmospheres",155
"280","DO CO Hotel Vienna",154
"319","Eurostars Embassy",154
"358","Golden Tulip Opera de Noailles",154
"747","Hotel Park Lane Paris",154
"105","Baglioni Hotel Carlton The Leading Hotels of the World",153
"770","Hotel Sanpi Milano",153
"1331","The College Hotel",153
"1437","TownHouse Galleria",153
"33","Alma Boutique Hotel",152
"438","H tel Etoile Saint Honor by Happyculture",152
"683","Hotel le Lapin Blanc",152
"1018","Mercure Wien Zentrum",152
"1031","Mokinba Hotels King",152
"1179","Radisson Blu Champs Elys es Paris",152
"194","Camperio House Suites Apartments",151
"980","Mercure Hotel Raphael Wien",151
"85","Austria Trend Hotel Anatol Wien",150
"238","Colombia",150
"642","Hotel Duminy Vendome",150
"842","InterContinental Paris Le Grand",150
"893","Le Marceau Bastille",150
"66","ARCOTEL Wimberger",149
"765","Hotel Royal",149
"1041","Morgan Mees",149
"1212","Rochester Champs Elysees",149
"2","1K Hotel",148
"90","Austria Trend Hotel Lassalle Wien",148
"25","ADI Doria Grand Hotel",147
"277","Derag Livinghotel Kaiser Franz Joseph Vienna",147
"418","H tel Da Vinci Spa",146
"972","Mercer Hotel Barcelona",146
"1064","NH Collection Barcelona Podium",146
"1085","Novotel London Canary Wharf",146
"1400","The Royal Park Hotel",146
"1324","The Capital",145
"1485","Wilson Boutique Hotel",145
"425","H tel de Lille",144
"570","Hotel Amadeus",144
"870","La Villa des Ternes",144
"65","ARCOTEL Kaiserwasser Superior",143
"241","COMO Metropolitan London",143
"1053","NH Amsterdam Noord",143
"129","Best Western Ducs de Bourgogne",142
"843","InterContinental Wien",142
"960","ME Milan Il Duca",142
"1157","Pestana Arena Barcelona",142
"1478","Waldorf Astoria Amsterdam",142
"168","Best Western Premier Op ra Opal",141
"218","Charlotte Street Hotel",141
"499","Ham Yard Hotel",141
"1368","The London EDITION",141
"278","Derby Alma",140
"513","Hilton Diagonal Mar Barcelona",140
"586","Hotel Balmoral",140
"913","Le Tourville Eiffel",140
"1117","Old Ship Inn Hackney",140
"185","Boutiquehotel Das Tyrol",139
"219","Chasse Hotel",139
"449","H tel L Echiquier Op ra Paris MGallery by Sofitel",139
"715","Hotel Mentana",139
"1030","Mokinba Hotels Baviera",139
"1068","NH Hesperia Barcelona del Mar",139
"196","Canary Riverside Plaza Hotel",138
"245","Conservatorium Hotel",138
"942","Madeleine Plaza",138
"1451","Upper Diagonal",138
"274","De L Europe Amsterdam",137
"1021","Milan Suite Hotel",137
"1275","Sofitel Paris Le Faubourg",137
"340","Four Points Sheraton Milan Center",136
"346","Francois 1er",136
"652","Hotel Front Maritim",136
"1120","One Aldwych",136
"1228","Royal Saint Honore",136
"569","Hotel Am Stephansplatz",135
"659","Hotel Granados 83",135
"777","Hotel Scribe Paris Opera by Sofitel",135
"799","Hotel Vienna",135
"916","Leonardo Hotel Milan City Center",135
"1284","St James Hotel Club Mayfair",135
"743","Hotel Palais Strudlhof",134
"397","Guitart Grand Passage",133
"413","H tel Chaplain Paris Rive Gauche",133
"663","Hotel Indigo Barcelona Plaza Catalunya",133
"738","Hotel Omm",133
"1308","Taj 51 Buckingham Gate Suites and Residences",133
"481","H tel Th r se",132
"29","Ako Suites Hotel",131
"454","H tel Le M",131
"603","Hotel Carrobbio",131
"1168","Portobello House",131
"201","Catalonia Barcelona 505",130
"767","Hotel Sacher Wien",130
"879","Le 123 S bastopol Astotel",130
"946","Maison Borella",130
"1323","The Bryson Hotel",130
"167","Best Western Premier Op ra Li ge",129
"300","Draycott Hotel",129
"682","Hotel Le Chat Noir",129
"719","Hotel Mercure Wien City",129
"813","Hotel West End",129
"1154","pentahotel Vienna",129
"310","Eiffel Trocad ro",128
"815","Hotel Xanadu",128
"1213","Roger de Ll ria",128
"409","H tel Bourgogne Montana by MH",127
"416","H tel Cristal Champs Elys es",127
"867","La Maison Favart",127
"1278","Splendid Etoile",127
"10","Abba Garden",125
"491","H10 Itaca",125
"676","Hotel La Place",125
"995","Mercure Paris Bercy Biblioth que",125
"1028","Millennium Hotel Paris Opera",125
"451","H tel La Parizienne by Elegancia",124
"464","H tel Moli re",124
"281","Dorset Square Hotel",123
"695","Hotel Les Th tres",123
"1274","Sofitel Paris Baltimore Tour Eiffel",123
"691","Hotel Le Squara",122
"886","Le G n ral H tel",122
"1128","Palazzo Parigi Hotel Grand Spa Milano",122
"1236","San Domenico House",122
"1281","St George Hotel",122
"341","Four Seasons Hotel George V Paris",121
"504","Haymarket Hotel",121
"647","Hotel Elys es Bassano",121
"768","Hotel Saint Dominique",121
"895","Le Marquis Eiffel",121
"11","Abba Sants",120
"139","Best Western Le Jardin de Cluny",120
"261","Crowne Plaza Barcelona Fira Center",120
"560","Hotel 4 Barcelona",120
"714","Hotel Mediolanum",120
"912","Le Senat",120
"1069","NH Hesperia Barcelona Presidente",120
"1201","Relais Saint Jacques",120
"1319","The Beaumont Hotel",120
"1395","The Ritz Carlton Vienna",120
"78","Atahotel Contessa Jolanda",119
"79","Atahotel Linea Uno",119
"122","Best Western Amiral Hotel",119
"123","Best Western Antares Hotel Concorde",119
"584","Hotel Bagu s",119
"801","Hotel Vignon",119
"861","L Empire Paris",119
"903","Le Pavillon de la Reine Spa",119
"891","Le M ridien Barcelona",118
"189","Buddha Bar Hotel Paris",117
"461","H tel Mansart Esprit de France",116
"488","H10 Casa Mimosa 4 Sup",116
"435","H tel Duc De St Simon",115
"667","Hotel Indigo Paris Opera",115
"726","Hotel Monge",115
"1108","Nu Hotel",115
"1122","Op ra Marigny",115
"1139","Park Hyatt Milano",115
"1257","Sheraton Grand London Park Lane",115
"1262","Simply Rooms Suites",115
"106","Baglioni Hotel London The Leading Hotels of the World",114
"107","Balmoral Champs Elys es",114
"363","Graben Hotel",114
"375","Grand Pigalle Hotel",114
"937","London Suites",114
"51","Antares Hotel Rubens",113
"471","H tel R de Paris Boutique Hotel",113
"921","Les Plumes Hotel",113
"1079","Nolinski Paris",113
"1165","Platine Hotel Spa",113
"152","Best Western Plus Elys e Secret",111
"450","H tel La Comtesse by Elegancia",111
"614","Hotel Clerici",111
"1037","Montagu Place Hotel",111
"1418","The Westin Paris Vend me",111
"344","FourSide Hotel Suites Vienna",110
"555","Holiday Inn Paris Op ra Grands Boulevards",110
"670","Hotel Johann Strauss",110
"725","Hotel Monceau Wagram",110
"529","Hilton Paris Opera",109
"857","Klima Hotel Milano Fiere",109
"1073","NH Milano Palazzo Moscova",109
"431","H tel des Ducs D Anjou",108
"615","Hotel Corvinus",108
"722","Hotel Midmost",108
"918","Les Jardins De La Villa Spa",108
"1265","Sir Adam Hotel",108
"26","ADI Hotel Poliziano Fiera",107
"437","H tel Elysees Mermoz",107
"963","Meli Milano",107
"964","Melia Barcelona Sarri ",107
"1075","NH Sants Barcelona",107
"401","H tel Arvor Saint Georges",106
"433","H tel Du Jeu De Paume",106
"483","H tel Vernet",106
"1016","Mercure Vaugirard Paris Porte De Versailles",106
"1471","Vincci Mae",106
"407","H tel Bel Ami",105
"609","Hotel Champs Elys es Friedland by Happyculture",105
"631","Hotel Des Saints Peres Esprit de France",105
"752","Hotel Plaza Elys es",105
"419","H tel de Banville",104
"824","Idol Hotel",104
"1340","The Dylan Amsterdam",104
"4","41",103
"441","H tel Fabric",103
"507","HCC St Moritz",103
"1014","Mercure Secession Wien",103
"1334","The Corner Hotel",103
"39","Amarante Champs Elys es",102
"359","Golden Tulip Washington Opera",102
"558","Hollmann Beletage Design Boutique",102
"706","Hotel Maison FL",102
"1345","The Goring",102
"146","Best Western Op ra Batignolles",101
"460","H tel Madison by MH",101
"636","Hotel DO Pla a Reial G L ",101
"1097","Novotel Paris 17",101
"1387","The Pillar Hotel",101
"115","Bassano",100
"125","Best Western Aulivia Op ra",100
"395","Grosvenor House Suites by Jumeirah Living",100
"817","Hotel Zeitgeist Vienna Hauptbahnhof",100
"1321","The Berkeley",100
"1440","Tryp Barcelona Condal Mar Hotel",100
"314","Etoile Saint Ferdinand",99
"1388","The Portobello Hotel",99
"617","Hotel D Este",98
"689","Hotel Le Sainte Beuve",98
"776","Hotel Schild",98
"939","Lyric H tel Paris",97
"675","Hotel La Lanterne",96
"1467","Villa Opera Drouot",96
"331","Falkensteiner Hotel Wien Zentrum Schottenfeld",95
"427","H tel de Varenne",95
"448","H tel Keppler",95
"734","Hotel Nestroy Wien",95
"1486","Windermere Hotel",95
"257","Courtyard by Marriott Vienna Schoenbrunn",94
"1007","Mercure Paris Opera Louvre",94
"1130","Paris Marriott Champs Elysees Hotel",94
"226","City Hotel Deutschmeister",93
"612","Hotel Ciutadella Barcelona",93
"633","Hotel Design Secret de Paris",93
"1264","Sina The Gray",93
"1432","Timhotel Op ra Blanche Fontaine",93
"465","H tel Monna Lisa Champs Elys es",92
"1141","Park Hyatt Vienna",92
"1198","Relais Christine",92
"1261","Simm s Hotel",92
"17","AC Hotel Sants a Marriott Lifestyle Hotel",91
"56","Aparthotel Mariano Cubi Barcelona",91
"163","Best Western Premier Le Swann",91
"342","Four Seasons Hotel London at Park Lane",91
"474","H tel Regent s Garden",91
"632","Hotel des Tuileries Relais du Silence",91
"705","Hotel Maison Ath n e",91
"881","Le A",91
"892","Le M ridien Etoile",91
"947","Maison Souquet",91
"104","B Montmartre",90
"602","Hotel Carlton s Montmartre",90
"732","Hotel Murmuri Barcelona",90
"1005","Mercure Paris Opera Garnier",90
"1312","The Abbey Court Notting Hill",90
"398","H tel Ad le Jules",89
"428","H tel De Vend me",89
"728","Hotel Montaigne",89
"973","Mercer House B ria BCN",89
"347","Franklin Roosevelt",88
"806","Hotel Vittoria",88
"864","La Chambre du Marais",88
"1125","Pakat Suites Hotel",88
"1199","Relais Du Louvre",88
"323","Evenia Rossello",87
"720","Hotel Mercure Wien Westbahnhof",87
"908","Le Relais Madeleine",87
"1109","Number Sixteen",87
"118","Belfast",86
"138","Best Western Le 18 Paris",86
"711","Hotel Margot House",86
"1022","Milestone Hotel Kensington",86
"1358","The Kings Head Hotel",86
"952","Mandarin Oriental Hyde Park London",85
"1381","The One Barcelona GL",85
"1420","The Wittmore Adults Only",85
"741","Hotel Oscar",84
"923","Lindner Hotel Am Belvedere",84
"955","Marlin Waterloo",84
"1178","R Kipling by Happyculture",84
"1492","Zenit Borrell",84
"134","Best Western Hotel Mirage",83
"703","Hotel Magna Pars Small Luxury Hotels of the World",83
"764","Hotel Ronda Lesseps",83
"882","Le Belmont Champs Elys es",83
"1256","Sheraton Diana Majestic",83
"52","Antica Locanda Dei Mercanti",82
"186","Bradford Elys es Astotel",82
"364","Gran Hotel Barcino",82
"408","H tel Belloy Saint Germain By Happyculture",82
"415","H tel Crayon Rouge by Elegancia",82
"744","Hotel Panache",82
"961","Medinaceli",82
"1044","My Home In Paris",82
"1424","The Zetter Townhouse Marylebone",82
"192","Ca Bianca Hotel Corte Del Naviglio",81
"625","Hotel de Nell",81
"758","Hotel Raffaello",81
"922","LHP Hotel Napoleon",81
"1113","Ofelias Hotel 4 Sup",81
"128","Best Western Delphi Hotel",80
"426","H tel De Sers Champs Elys es Paris",80
"452","H tel Lancaster Paris Champs Elys es",80
"510","Hidden Hotel by Elegancia",80
"626","Hotel de Seze",80
"656","Hotel Garbi Millenni",80
"716","Hotel Mercure La Sorbonne Saint Germain des Pr s",80
"718","Hotel Mercure Milano Solari",80
"805","Hotel Villa Saxe Eiffel",80
"1247","Sercotel Amister Art Hotel Barcelona",80
"736","Hotel OFF Paris Seine",79
"862","L H tel",79
"866","La Maison Champs Elys es",79
"1002","Mercure Paris Montparnasse Raspail",79
"1017","Mercure Vienna First",79
"1433","Timhotel Op ra Grands Magasins",79
"1491","Zenit Barcelona",79
"148","Best Western Paris Gare Saint Lazare",78
"372","Grand Hotel et de Milan",78
"472","H tel Raphael",78
"717","Hotel Mercure Milano Centro",78
"915","Legend Saint Germain by Elegancia",78
"933","London Marriott Hotel Park Lane",78
"1303","Suites H tel Helzear Montparnasse",78
"1355","The Hub Hotel",78
"31","Alexandra Barcelona A DoubleTree by Hilton",77
"316","Eurostars Angli",77
"662","Hotel Imperial A Luxury Collection Hotel",77
"872","La Villa Maillot",77
"951","Mandarin Oriental Barcelona",77
"1413","The Wellesley Knightsbridge a Luxury Collection Hotel London",77
"178","Blakes Hotel",76
"309","Egerton House",76
"422","H tel de Jos phine BONAPARTE",76
"446","H tel Jos phine by Happyculture",76
"477","H tel Saint Marc",76
"733","Hotel Neri",76
"846","Jumeirah Carlton Tower",76
"869","La Tremoille Paris",76
"873","La Villa Royale",76
"880","Le 7 Eiffel Hotel",76
"888","Le Grey Hotel",76
"16","AC Hotel Paris Porte Maillot by Marriott",75
"67","Arenas Atiram Hotels",75
"350","Garden Elys e",75
"630","Hotel Derby",75
"658","Hotel Gran Derby Suites",75
"798","Hotel Verneuil Saint Germain",75
"1003","Mercure Paris Notre Dame Saint Germain des Pr s",75
"149","Best Western Plus 61 Paris Nation Hotel",74
"173","Best Western Tour Eiffel Invalides",74
"258","Covent Garden Hotel",74
"301","Dukes Hotel",74
"479","H tel San R gis",74
"485","H tel Waldorf Trocad ro",74
"616","Hotel Crivi s",74
"991","Mercure Paris Alesia",74
"1020","Milan Marriott Hotel",74
"133","Best Western Hotel Major",73
"596","Hotel Bristol",73
"1033","Molitor Paris MGallery by Sofitel",73
"1447","UNA Hotel Mediterraneo",73
"15","AC Hotel Milano a Marriott Lifestyle Hotel",72
"334","First Hotel Paris Tour Eiffel",72
"480","H tel Square Louvois",72
"506","HCC Regente",72
"694","Hotel Les Rives de Notre Dame",72
"894","Le Marcel",72
"151","Best Western Plus de Neuville Arc de Triomphe",71
"453","H tel Le Bellechasse Saint Germain",71
"680","Hotel Landhaus Fuhrgassl Huber",71
"753","Hotel Portello Gruppo Minihotel",71
"782","Hotel Spa La Belle Juliette",71
"1169","Primero Primera",71
"1441","TRYP Paris Op ra",71
"459","H tel Les Dames du Panth on",70
"594","Hotel Boltzmann",70
"644","Hotel Eden",70
"701","Hotel Lumen Paris Louvre",70
"1013","Mercure Paris Tour Eiffel Pont Mirabeau",70
"1300","Style Hotel",70
"1162","Petit Palais Hotel De Charme",69
"885","Le Dokhan s a Tribute Portfolio Hotel",68
"1129","Palazzo Segreti",68
"1436","TownHouse Duomo",68
"1448","UNA Hotel Scandinavia",68
"45","Amsterdam Canal Residence",67
"75","Arthotel ANA Westbahn",67
"750","Hotel Pierre Milano",67
"818","Hyatt Regency Amsterdam",67
"1166","Plaza Tour Eiffel",67
"440","H tel F licien by Elegancia",66
"557","Holiday Inn Vienna City",66
"600","Hotel Capitol Milano",66
"640","Hotel du Petit Moulin",66
"700","Hotel Louvre Montana",66
"899","Le Metropolitan a Tribute Portfolio Hotel",66
"1131","Paris Marriott Opera Ambassador Hotel",66
"412","H tel Champs lys es Plaza",65
"696","Hotel Liberty",65
"740","Hotel Opera Cadet",65
"1006","Mercure Paris Opera Grands Boulevards",65
"1008","Mercure Paris Pigalle Sacre Coeur",65
"232","Club Hotel Cortina",64
"1434","TownHouse 12",64
"458","H tel Le Walt",63
"466","H tel Montmartre Mon Amour",63
"468","H tel Paris Bastille Boutet MGallery by Sofitel",63
"548","Holiday Inn Paris Elys es",63
"627","Hotel De Vigny",63
"690","Hotel Le Six",63
"920","Les Matins de Paris Spa",63
"1366","The Levin Hotel",63
"1459","Vienna Sporthotel",63
"469","H tel Pont Royal",62
"595","Hotel Boutique Duomo",62
"944","Maison Albar Hotel Paris C line",62
"1036","Monsieur Cadet Hotel Spa Ex Meyerhold Spa ",62
"1359","The LaLit London",62
"1460","Vilana Hotel",62
"1464","Villa Eugenie",62
"424","H tel de La Tamise Esprit de France",61
"748","Hotel Park Villa",61
"791","Hotel Tiziano Park Vita Parcour Gruppo MiniHotels",61
"1438","Trinit Haussmann",61
"597","Hotel Bristol A Luxury Collection Hotel",60
"1270","Snob Hotel by Elegancia",60
"270","D clic Hotel",59
"746","Hotel Parco di Sch nbrunn Vienna",59
"906","Le Pradey",59
"1095","Novotel Milano Nord Ca Granda",59
"1435","TownHouse 33",59
"1454","Vice Versa",59
"76","Artus Hotel by MH",58
"143","Best Western Mercedes Arc de Triomphe",58
"420","H tel De Buci by MH",58
"761","Hotel Rekord",58
"789","Hotel The Peninsula Paris",58
"807","Hotel VIU Milan",58
"248","Cordial Theaterhotel Wien",57
"686","Hotel Le petit Paris",57
"901","Le Narcisse Blanc Spa",57
"914","Le Tsuba Hotel",57
"1238","Sansi Diputacio",57
"13","AC Hotel Diagonal L Illa a Marriott Lifestyle Hotel",56
"455","H tel Le Marianne",56
"1164","Pillows Anna van den Vondel Amsterdam",56
"552","Holiday Inn Paris Montmartre",55
"599","Hotel Cambon",55
"698","Hotel Lombardia",55
"699","Hotel Louis 2",55
"113","Barcelona Hotel Colonial",54
"572","Hotel America Barcelona",54
"967","Melia Paris Notre Dame",54
"990","Mercure Paris 19 Philharmonie La Villette",54
"878","Le 123 Elysees Astotel",53
"968","Melia Paris Tour Eiffel",53
"1455","Victoire Germain",53
"169","Best Western Premier Trocadero La Tour",52
"315","Eurohotel Diagonal Port",52
"1466","Villa Montparnasse",52
"463","H tel Mayfair Paris",51
"657","Hotel Georgette",51
"678","Hotel La Villa Saint Germain Des Pr s",51
"788","Hotel Sunflower",51
"969","Melia Paris Vendome",51
"429","H tel des Academies et des Arts",50
"635","Hotel Dieci",50
"832","Ilunion Bel Art",50
"180","BoB Hotel by Elegancia",49
"380","Grange Buckingham Hotel",49
"547","Holiday Inn Milan Garibaldi Station",49
"681","Hotel Le 10 BIS",49
"1032","Mokinba Hotels Montebianco",49
"1211","Rocco Forte Brown s Hotel",49
"1219","Roomz Vienna",49
"252","Cotton House Hotel Autograph Collection",48
"484","H tel Victor Hugo Paris Kl ber",48
"1204","Renaissance Paris Arc de Triomphe Hotel",48
"1248","Seven Hotel",48
"684","Hotel Le Mareuil",47
"1456","Victoires Opera",47
"1465","Villa Lut ce Port Royal",47
"975","Mercure Barcelona Condor",46
"1132","Paris Marriott Rive Gauche Hotel",46
"1254","Shangri La Hotel Paris",46
"18","AC Hotel Victoria Suites a Marriott Lifestyle Hotel",45
"478","H tel Saint Paul Rive Gauche",45
"512","Hilton Barcelona",45
"591","Hotel Bellevue Wien",45
"766","Hotel Royal Elys es",45
"841","InterContinental Paris Avenue Marceau",45
"1047","Nell Hotel Suites",45
"1333","The Connaught",45
"227","City Rooms",44
"343","Four Seasons Hotel Milano",44
"473","H tel Recamier",44
"476","H tel Regina Op ra Grands Boulevards",44
"729","Hotel Montalembert",44
"890","Le Littr ",44
"965","Melia Barcelona Sky 4 Sup",44
"1116","Okko Hotels Paris Porte De Versailles",43
"273","Das Triest Hotel",42
"905","Le Pigalle Hotel",42
"911","Le Saint Hotel Paris",42
"8","A La Villa Madame",41
"298","DoubleTree By Hilton Milan",41
"871","La Villa Haussmann",41
"1299","Strandhotel Alte Donau",41
"456","H tel Le Relais Saint Germain",40
"668","Hotel J ger",40
"877","Lansbury Heritage Hotel",40
"900","Le Meurice",40
"904","Le Pavillon des Lettres",40
"1011","Mercure Paris Porte De Versailles Expo",40
"1170","Prince de Galles a Luxury Collection hotel Paris",40
"1476","W Paris Op ra",40
"563","Hotel Abbot",39
"997","Mercure Paris Champs Elys es",39
"1015","Mercure Tour Eiffel Grenelle",39
"69","Arioso",38
"304","Duret",38
"948","Majestic Hotel Spa",38
"121","Best Western Allegro Nation",37
"131","Best Western Hotel Astoria",37
"190","Bulgari Hotel London",37
"482","H tel Thoumieux",37
"553","Holiday Inn Paris Montparnasse Pasteur",37
"999","Mercure Paris Gare Montparnasse",37
"751","Hotel Plaza Athenee Paris",36
"403","H tel Barri re Le Fouquet s",35
"692","Hotel Les Bains Paris",35
"957","Maxim Op ra",35
"1035","Monhotel Lounge SPA",35
"400","H tel Amastan Paris",34
"579","Hotel Astra Opera Astotel",34
"792","Hotel Tocq",34
"838","InterContinental Amstel Amsterdam",34
"953","Mandarin Oriental Milan",34
"993","Mercure Paris Bastille Marais",34
"1488","Windsor Opera",34
"677","Hotel La Spezia Gruppo MiniHotel",33
"1004","Mercure Paris Op ra Faubourg Montmartre",33
"1203","Renaissance Barcelona Hotel",33
"1311","TH Street Duomo",33
"9","ABaC Restaurant Hotel Barcelona GL Monumento",31
"1360","The Lanesborough",31
"1423","The Zetter Townhouse Clerkenwell",31
"50","Antares Hotel Accademia",30
"442","H tel France d Antin Op ra",30
"467","H tel Original Paris",30
"887","Le Grand H tel de Normandie",30
"907","Le Relais M dicis",30
"1239","Sansi Pedralbes",30
"1337","The Curtain",30
"80","Atala Champs Elys es",29
"242","COMO The Halkin",29
"787","Hotel Stendhal Place Vend me Paris MGallery by Sofitel",29
"1140","Park Hyatt Paris Vendome",29
"1463","Villa d Estr es",29
"5","45 Park Lane Dorchester Collection",28
"564","Hotel Advance",28
"576","Hotel Arkadenhof",28
"785","Hotel Square",28
"814","Hotel Whistler",28
"1210","Ritz Paris",28
"1342","The Franklin Hotel Starhotels Collezione",28
"987","Mercure Milano Regency",27
"1009","Mercure Paris Place d Italie",27
"1096","Novotel Paris 14 Porte d Orl ans",27
"1351","The Henrietta Hotel",27
"27","Admiral Hotel",26
"707","Hotel Malte Astotel",26
"781","Hotel Silver",26
"1205","Renaissance Paris Le Parc Trocadero Hotel",26
"1461","Villa Alessandra",26
"653","Hotel G tico",25
"794","Hotel Tour d Auvergne Opera",25
"804","Hotel Villa Lafayette Paris IX",25
"988","Mercure Paris 15 Porte de Versailles",25
"362","Goralska R sidences H tel Paris Bastille",24
"578","Hotel Astor Saint Honor ",24
"687","Hotel Le Placide Saint Germain Des Pr s",24
"780","Hotel Sezz Paris",24
"1000","Mercure Paris Gobelins Place d Italie",24
"1457","Victoria Palace Hotel",24
"643","Hotel Dupond Smith",23
"910","Le Roch Hotel Spa",23
"457","H tel Le Royal Monceau Raffles Paris",22
"685","Hotel Le Pera",22
"994","Mercure Paris Bastille Saint Antoine",22
"1019","MiHotel",22
"1365","The Level at Melia Barcelona Sky",22
"35","Am Spiegeln",21
"954","Mandarin Oriental Paris",21
"992","Mercure Paris Arc de Triomphe Etoile",21
"352","Gartenhotel Altmannsdorf Hotel 1",20
"515","Hilton Garden Inn Vienna South",20
"688","Hotel Le Saint Gregoire",20
"860","L Edmond H tel",20
"183","Boutique H tel Konfidentiel",19
"859","Kube Hotel Ice Bar",19
"989","Mercure Paris 17 me Saint Lazare Monceau",19
"191","Bulgari Hotel Milano",17
"779","Hotel Seven One Seven",17
"14","AC Hotel Irla a Marriott Lifestyle Hotel",16
"1126","Palais Coburg Residenz",16
"1279","Splendide Royal Paris",16
"645","Hotel Eiffel Blomet",15
"966","Melia Paris Champs Elys es",15
"299","Drawing Hotel",14
"610","Hotel Chavanel",14
"822","Ibis Styles Paris Gare Saint Lazare",14
"1155","Pershing Hall",14
"1207","Renaissance Paris Vendome Hotel",14
"1217","Room Mate Gerard",14
"956","MARQUIS Faubourg St Honor Relais Ch teaux",13
"1206","Renaissance Paris Republique Hotel Spa",13
"1490","XO Hotel",13
"182","Boundary Rooms Suites",12
"620","Hotel Daniel Paris",12
"646","Hotel Eitlj rg",12
"821","Ibis Styles Milano Palmanova",12
"889","Le Lavoisier",12
"810","Hotel Wagner",10
"1010","Mercure Paris Porte d Orleans",10
"655","Hotel Gallitzinberg",8
